dim,acc,param
16,68.42,0.72
32,68.65,0.7000000000000001
64,68.3,0.7000000000000001
